Order_ID,Date,Region,TYPE,Revenue,Cost,Profit,Profit-Margin
1007,2024-01-11,America,Tablet,50000,35000.0,15000.0,0.3
1010,2024-01-14,America,Mobile,60000,45000.0,15000.0,0.25
1005,2024-01-09,Europe,Mobile,70000,55000.0,15000.0,0.21428571428571427
1002,2024-01-06,Europe,Mobile,80000,60000.0,20000.0,0.25
1006,2024-01-10,Asia,Laptop,120000,90000.0,30000.0,0.25
1001,2024-01-05,Asia,Laptop,120000,90000.0,30000.0,0.25
1008,2024-01-12,Europe,Laptop,130000,100000.0,30000.0,0.23076923076923078
1004,2024-01-08,America,LaOptop,150000,110000.0,40000.0,0.26666666666666666
